symbol,sumOpenInterest,sumOpenInterestValue,CMCCirculatingSupply,ts
BTCUSDT,86313.364,5606060195.212989,19984921.0,2026-02-06 07:00:00+00:00
BTCUSDT,86306.542,5591921685.3388,19984921.0,2026-02-06 08:00:00+00:00
BTCUSDT,85550.892,5547992456.3784,19984921.0,2026-02-06 09:00:00+00:00
BTCUSDT,86310.061,5677372069.76306,19984921.0,2026-02-06 10:00:00+00:00
BTCUSDT,86988.34,5735089063.196,19984921.0,2026-02-06 11:00:00+00:00
BTCUSDT,87189.546,5806815044.6454,19984921.0,2026-02-06 12:00:00+00:00
BTCUSDT,87140.055,5797799222.280675,19984921.0,2026-02-06 13:00:00+00:00
BTCUSDT,86333.498,5808267778.057019,19984921.0,2026-02-06 14:00:00+00:00
BTCUSDT,86903.049,5920423404.308533,19984921.0,2026-02-06 15:00:00+00:00
BTCUSDT,87652.0,6010227518.4,19984921.0,2026-02-06 16:00:00+00:00
BTCUSDT,88212.753,6166686474.468689,19984921.0,2026-02-06 17:00:00+00:00
BTCUSDT,86782.825,6138120607.746563,19984921.0,2026-02-06 18:00:00+00:00
BTCUSDT,85194.607,5939749381.931769,19984921.0,2026-02-06 19:00:00+00:00
BTCUSDT,84794.383,5993190675.4953,19984921.0,2026-02-06 20:00:00+00:00
BTCUSDT,84537.847,5913795090.099911,19984921.0,2026-02-06 21:00:00+00:00
BTCUSDT,83996.164,5905207516.5412,19984921.0,2026-02-06 22:00:00+00:00
BTCUSDT,85239.803,6079934383.694695,19984921.0,2026-02-06 23:00:00+00:00
BTCUSDT,85124.108,6004867388.59,19984921.0,2026-02-07 00:00:00+00:00
BTCUSDT,84908.338,5936615185.324036,19984921.0,2026-02-07 01:00:00+00:00
BTCUSDT,85099.374,5994264240.124271,19984921.0,2026-02-07 02:00:00+00:00
BTCUSDT,85006.352,5977850687.8848,19985371.0,2026-02-07 03:00:00+00:00
BTCUSDT,85732.406,6077731355.636959,19985371.0,2026-02-07 04:00:00+00:00
BTCUSDT,86256.392,6102506219.10575,19985371.0,2026-02-07 05:00:00+00:00
BTCUSDT,85034.467,5962999481.1415,19985371.0,2026-02-07 06:00:00+00:00
BTCUSDT,86871.917,5970862000.470428,19985371.0,2026-02-07 07:00:00+00:00
BTCUSDT,85702.189,5833490898.663,19985371.0,2026-02-07 08:00:00+00:00
BTCUSDT,83307.196,5704919161.961799,19985371.0,2026-02-07 09:00:00+00:00
BTCUSDT,83007.414,5653251436.595552,19985371.0,2026-02-07 10:00:00+00:00
BTCUSDT,82945.438,5636881762.714821,19985371.0,2026-02-07 11:00:00+00:00
BTCUSDT,83460.092,5670019924.1948,19985371.0,2026-02-07 12:00:00+00:00
BTCUSDT,83605.615,5768244177.224551,19985371.0,2026-02-07 13:00:00+00:00
BTCUSDT,83883.061,5793152180.588951,19985371.0,2026-02-07 14:00:00+00:00
BTCUSDT,83809.68,5750509002.552,19985371.0,2026-02-07 15:00:00+00:00
BTCUSDT,82957.357,5734186726.2897,19985371.0,2026-02-07 16:00:00+00:00
BTCUSDT,82157.122,5666886604.778492,19985371.0,2026-02-07 17:00:00+00:00
BTCUSDT,81677.897,5648345121.3483,19985371.0,2026-02-07 18:00:00+00:00
BTCUSDT,81681.749,5675439563.659948,19985371.0,2026-02-07 19:00:00+00:00
BTCUSDT,81615.516,5656787922.9613085,19985371.0,2026-02-07 20:00:00+00:00
BTCUSDT,81712.883,5686930661.7095,19985371.0,2026-02-07 21:00:00+00:00
BTCUSDT,81503.086,5661717823.0018,19985371.0,2026-02-07 22:00:00+00:00
BTCUSDT,81361.335,5644982015.334802,19985371.0,2026-02-07 23:00:00+00:00
BTCUSDT,81369.395,5636836736.905389,19985371.0,2026-02-08 00:00:00+00:00
BTCUSDT,81602.411,5639456937.396771,19985371.0,2026-02-08 01:00:00+00:00
BTCUSDT,81553.761,5655825998.615945,19985371.0,2026-02-08 02:00:00+00:00
BTCUSDT,81449.597,5647948304.607337,19985893.0,2026-02-08 03:00:00+00:00
BTCUSDT,81719.091,5644174227.522057,19985893.0,2026-02-08 04:00:00+00:00
BTCUSDT,81698.863,5662342977.642127,19985893.0,2026-02-08 05:00:00+00:00
BTCUSDT,81650.967,5649495727.5036,19985893.0,2026-02-08 06:00:00+00:00
BTCUSDT,81660.729,5660868723.5922,19985893.0,2026-02-08 07:00:00+00:00
BTCUSDT,81953.492,5709503099.2592,19985893.0,2026-02-08 08:00:00+00:00
BTCUSDT,82043.92,5794310828.04,19985893.0,2026-02-08 09:00:00+00:00
BTCUSDT,82017.034,5751355596.247566,19985893.0,2026-02-08 10:00:00+00:00
BTCUSDT,80256.796,5636523065.5556,19985893.0,2026-02-08 11:00:00+00:00
BTCUSDT,81117.403,5755604212.462,19985893.0,2026-02-08 12:00:00+00:00
BTCUSDT,81895.399,5832295493.3436,19985893.0,2026-02-08 13:00:00+00:00
BTCUSDT,82041.821,5863734051.4225,19985893.0,2026-02-08 14:00:00+00:00
BTCUSDT,82181.671,5852847117.9464,19985893.0,2026-02-08 15:00:00+00:00
BTCUSDT,81948.816,5830723817.4528,19985893.0,2026-02-08 16:00:00+00:00
BTCUSDT,81716.649,5751577309.8756,19985893.0,2026-02-08 17:00:00+00:00
BTCUSDT,81820.948,5789200265.266,19985893.0,2026-02-08 18:00:00+00:00
BTCUSDT,81849.338,5820115745.284704,19985893.0,2026-02-08 19:00:00+00:00
BTCUSDT,81894.433,5845471729.4469385,19985893.0,2026-02-08 20:00:00+00:00
BTCUSDT,81757.531,5788755658.351383,19985893.0,2026-02-08 21:00:00+00:00
BTCUSDT,81577.916,5765544241.759493,19985893.0,2026-02-08 22:00:00+00:00
BTCUSDT,81384.51,5779870931.043,19985893.0,2026-02-08 23:00:00+00:00
BTCUSDT,80494.101,5660635723.444036,19985893.0,2026-02-09 00:00:00+00:00
BTCUSDT,79831.394,5625516965.695238,19985893.0,2026-02-09 01:00:00+00:00
BTCUSDT,79684.361,5604033771.9719,19985893.0,2026-02-09 02:00:00+00:00
BTCUSDT,79559.877,5616378353.0487,19986400.0,2026-02-09 03:00:00+00:00
BTCUSDT,79608.608,5676278531.20899,19986400.0,2026-02-09 04:00:00+00:00
BTCUSDT,79492.983,5641768537.872932,19986400.0,2026-02-09 05:00:00+00:00
BTCUSDT,79739.677,5662649370.4134,19986400.0,2026-02-09 06:00:00+00:00
BTCUSDT,79359.464,5604974336.104701,19986400.0,2026-02-09 07:00:00+00:00
BTCUSDT,79354.133,5586007225.9222,19986400.0,2026-02-09 08:00:00+00:00
BTCUSDT,79331.081,5540982482.8503,19986400.0,2026-02-09 09:00:00+00:00
BTCUSDT,79979.434,5565600855.2486,19986400.0,2026-02-09 10:00:00+00:00
BTCUSDT,80675.997,5542246624.377279,19986400.0,2026-02-09 11:00:00+00:00
BTCUSDT,80916.721,5573899776.0524,19986400.0,2026-02-09 12:00:00+00:00
BTCUSDT,80375.3,5554712870.41,19986400.0,2026-02-09 13:00:00+00:00
BTCUSDT,81000.809,5553728624.73253,19986400.0,2026-02-09 14:00:00+00:00
BTCUSDT,81311.254,5630796208.3746,19986400.0,2026-02-09 15:00:00+00:00
BTCUSDT,81052.122,5636497933.473024,19986400.0,2026-02-09 16:00:00+00:00
BTCUSDT,80892.747,5666488391.7018,19986400.0,2026-02-09 17:00:00+00:00
BTCUSDT,80087.026,5651543687.631084,19986400.0,2026-02-09 18:00:00+00:00
BTCUSDT,80014.539,5631319235.9193,19986400.0,2026-02-09 19:00:00+00:00
BTCUSDT,80241.933,5690501114.1744,19986400.0,2026-02-09 20:00:00+00:00
BTCUSDT,80011.641,5657847486.1919365,19986400.0,2026-02-09 21:00:00+00:00
BTCUSDT,78875.907,5551031860.97951,19986400.0,2026-02-09 22:00:00+00:00
BTCUSDT,78745.778,5538836260.278671,19986400.0,2026-02-09 23:00:00+00:00
BTCUSDT,78783.924,5523580303.602,19986400.0,2026-02-10 00:00:00+00:00
BTCUSDT,79025.703,5517078704.617896,19986400.0,2026-02-10 01:00:00+00:00
BTCUSDT,79084.668,5570898990.717949,19986400.0,2026-02-10 02:00:00+00:00
BTCUSDT,79049.395,5539390890.2271185,19986931.0,2026-02-10 03:00:00+00:00
BTCUSDT,78963.515,5485935590.166825,19986931.0,2026-02-10 04:00:00+00:00
BTCUSDT,79268.022,5532947569.611,19986931.0,2026-02-10 05:00:00+00:00
BTCUSDT,79324.723,5506349444.4619,19986931.0,2026-02-10 06:00:00+00:00
BTCUSDT,79849.617,5499795869.034057,19986931.0,2026-02-10 07:00:00+00:00
BTCUSDT,80057.945,5514567379.079,19986931.0,2026-02-10 08:00:00+00:00
BTCUSDT,80081.324,5533340680.62818,19986931.0,2026-02-10 09:00:00+00:00
BTCUSDT,80266.607,5547936584.788707,19986931.0,2026-02-10 10:00:00+00:00
BTCUSDT,80282.132,5530218606.3936,19986931.0,2026-02-10 11:00:00+00:00
BTCUSDT,81138.079,5557999028.164308,19986931.0,2026-02-10 12:00:00+00:00
BTCUSDT,81696.078,5601861053.846833,19986931.0,2026-02-10 13:00:00+00:00
BTCUSDT,81245.109,5604749897.014162,19986931.0,2026-02-10 14:00:00+00:00
BTCUSDT,80454.137,5505644600.63798,19986931.0,2026-02-10 15:00:00+00:00
BTCUSDT,79956.562,5537111853.343,19986931.0,2026-02-10 16:00:00+00:00
BTCUSDT,80065.595,5562429107.673,19986931.0,2026-02-10 17:00:00+00:00
BTCUSDT,79780.519,5576102162.789024,19986931.0,2026-02-10 18:00:00+00:00
BTCUSDT,79517.848,5476146780.043034,19986931.0,2026-02-10 19:00:00+00:00
BTCUSDT,79442.367,5484029113.136968,19986931.0,2026-02-10 20:00:00+00:00
BTCUSDT,79492.593,5462818101.017371,19986931.0,2026-02-10 21:00:00+00:00
BTCUSDT,79284.799,5440868254.728722,19986931.0,2026-02-10 22:00:00+00:00
BTCUSDT,79167.695,5436690851.353316,19986931.0,2026-02-10 23:00:00+00:00
BTCUSDT,79253.897,5453080233.8644,19986931.0,2026-02-11 00:00:00+00:00
BTCUSDT,79404.473,5491748340.2841,19986931.0,2026-02-11 01:00:00+00:00
BTCUSDT,79508.312,5481414340.9168,19986931.0,2026-02-11 02:00:00+00:00
BTCUSDT,79903.203,5484324134.6313,19987381.0,2026-02-11 03:00:00+00:00
BTCUSDT,80801.55,5506318586.61,19987381.0,2026-02-11 04:00:00+00:00
BTCUSDT,81695.083,5517965141.982036,19987381.0,2026-02-11 05:00:00+00:00
BTCUSDT,81958.97,5521713113.337174,19987381.0,2026-02-11 06:00:00+00:00
BTCUSDT,82019.328,5476396446.179915,19987381.0,2026-02-11 07:00:00+00:00
BTCUSDT,82299.135,5514033815.0865,19987381.0,2026-02-11 08:00:00+00:00
BTCUSDT,82200.215,5503772935.4755,19987381.0,2026-02-11 09:00:00+00:00
BTCUSDT,82466.34,5512759376.124,19987381.0,2026-02-11 10:00:00+00:00
BTCUSDT,82734.221,5502322101.826,19987381.0,2026-02-11 11:00:00+00:00
BTCUSDT,82682.088,5541998458.0464,19987381.0,2026-02-11 12:00:00+00:00
BTCUSDT,82376.775,5526987341.85,19987381.0,2026-02-11 13:00:00+00:00
BTCUSDT,82644.707,5572002893.547241,19987381.0,2026-02-11 14:00:00+00:00
BTCUSDT,80644.236,5368046643.04594,19987381.0,2026-02-11 15:00:00+00:00
BTCUSDT,81269.091,5403434558.595773,19987381.0,2026-02-11 16:00:00+00:00
BTCUSDT,81356.544,5370801066.0864,19987381.0,2026-02-11 17:00:00+00:00
BTCUSDT,82074.572,5457515198.936157,19987381.0,2026-02-11 18:00:00+00:00
BTCUSDT,81849.073,5503466189.2616,19987381.0,2026-02-11 19:00:00+00:00
BTCUSDT,81507.182,5506132649.119288,19987381.0,2026-02-11 20:00:00+00:00
BTCUSDT,81432.344,5497774164.98232,19987381.0,2026-02-11 21:00:00+00:00
BTCUSDT,81480.734,5522813038.9604,19987381.0,2026-02-11 22:00:00+00:00
BTCUSDT,81325.113,5480239124.7084,19987381.0,2026-02-11 23:00:00+00:00
BTCUSDT,80997.519,5432681793.8718,19987381.0,2026-02-12 00:00:00+00:00
BTCUSDT,80668.438,5440994230.183558,19987381.0,2026-02-12 01:00:00+00:00
BTCUSDT,80640.148,5456781726.9084,19987381.0,2026-02-12 02:00:00+00:00
BTCUSDT,80982.018,5458860163.9494,19987853.0,2026-02-12 03:00:00+00:00
BTCUSDT,81119.326,5480346254.7415085,19987853.0,2026-02-12 04:00:00+00:00
BTCUSDT,81943.664,5489389662.6272,19987853.0,2026-02-12 05:00:00+00:00
BTCUSDT,81873.755,5494179266.1525,19987853.0,2026-02-12 06:00:00+00:00
BTCUSDT,81851.517,5488766286.3792,19987853.0,2026-02-12 07:00:00+00:00
BTCUSDT,82011.67,5511200394.026923,19987853.0,2026-02-12 08:00:00+00:00
BTCUSDT,81925.411,5497801326.1414,19987853.0,2026-02-12 09:00:00+00:00
BTCUSDT,81999.466,5536564966.912769,19987853.0,2026-02-12 10:00:00+00:00
BTCUSDT,81994.538,5574439778.753902,19987853.0,2026-02-12 11:00:00+00:00
BTCUSDT,81795.915,5571934758.474231,19987853.0,2026-02-12 12:00:00+00:00
BTCUSDT,82021.526,5563725162.395,19987853.0,2026-02-12 13:00:00+00:00
BTCUSDT,81728.023,5584819069.2866,19987853.0,2026-02-12 14:00:00+00:00
BTCUSDT,81896.162,5539661138.085,19987853.0,2026-02-12 15:00:00+00:00
BTCUSDT,81006.746,5435852381.5602,19987853.0,2026-02-12 16:00:00+00:00
BTCUSDT,80673.197,5310313192.525,19987853.0,2026-02-12 17:00:00+00:00
BTCUSDT,80811.115,5282456792.421503,19987853.0,2026-02-12 18:00:00+00:00
BTCUSDT,80754.714,5294230597.0116,19987853.0,2026-02-12 19:00:00+00:00
BTCUSDT,80295.011,5279459132.643531,19987853.0,2026-02-12 20:00:00+00:00
BTCUSDT,80335.967,5252212884.1227,19987853.0,2026-02-12 21:00:00+00:00
BTCUSDT,80025.822,5266859857.74509,19987853.0,2026-02-12 22:00:00+00:00
BTCUSDT,79817.742,5288947074.5976,19987853.0,2026-02-12 23:00:00+00:00
BTCUSDT,79782.231,5285030284.5792,19987853.0,2026-02-13 00:00:00+00:00
BTCUSDT,79831.886,5260212698.4231,19987853.0,2026-02-13 01:00:00+00:00
BTCUSDT,79413.379,5274501630.4357,19987853.0,2026-02-13 02:00:00+00:00
BTCUSDT,79417.107,5291497640.462384,19988415.0,2026-02-13 03:00:00+00:00
BTCUSDT,79348.721,5278237246.5595,19988415.0,2026-02-13 04:00:00+00:00
BTCUSDT,79332.962,5259767447.3038,19988415.0,2026-02-13 05:00:00+00:00
BTCUSDT,79367.642,5250328253.584,19988415.0,2026-02-13 06:00:00+00:00
BTCUSDT,79499.516,5273694906.687081,19988415.0,2026-02-13 07:00:00+00:00
BTCUSDT,79733.69,5277139891.251644,19988415.0,2026-02-13 08:00:00+00:00
BTCUSDT,79772.805,5318923568.8995,19988415.0,2026-02-13 09:00:00+00:00
BTCUSDT,79837.916,5344425803.054832,19988415.0,2026-02-13 10:00:00+00:00
BTCUSDT,79721.209,5336543425.327025,19988415.0,2026-02-13 11:00:00+00:00
BTCUSDT,80072.095,5375864299.691,19988415.0,2026-02-13 12:00:00+00:00
BTCUSDT,80024.515,5366090494.299564,19988415.0,2026-02-13 13:00:00+00:00
BTCUSDT,79954.169,5375877283.177776,19988415.0,2026-02-13 14:00:00+00:00
BTCUSDT,80770.454,5468330140.972938,19988415.0,2026-02-13 15:00:00+00:00
BTCUSDT,78683.637,5401844125.8699,19988415.0,2026-02-13 16:00:00+00:00
BTCUSDT,79026.99,5446611275.091,19988415.0,2026-02-13 17:00:00+00:00
BTCUSDT,79031.031,5453449360.0209,19988415.0,2026-02-13 18:00:00+00:00
BTCUSDT,79197.48,5471492541.516,19988415.0,2026-02-13 19:00:00+00:00
BTCUSDT,79497.648,5479653630.168,19988415.0,2026-02-13 20:00:00+00:00
BTCUSDT,79429.421,5461556467.015308,19988415.0,2026-02-13 21:00:00+00:00
BTCUSDT,79431.298,5470673770.633737,19988415.0,2026-02-13 22:00:00+00:00
BTCUSDT,79214.496,5463424681.718447,19988415.0,2026-02-13 23:00:00+00:00
BTCUSDT,79203.463,5453426457.234442,19988415.0,2026-02-14 00:00:00+00:00
BTCUSDT,79195.461,5468660409.7947,19988415.0,2026-02-14 01:00:00+00:00
BTCUSDT,79346.715,5469819407.580174,19988415.0,2026-02-14 02:00:00+00:00
BTCUSDT,79276.146,5458531180.477636,19988871.0,2026-02-14 03:00:00+00:00
BTCUSDT,79189.428,5459933152.368775,19988871.0,2026-02-14 04:00:00+00:00
BTCUSDT,79131.732,5441374853.382,19988871.0,2026-02-14 05:00:00+00:00
BTCUSDT,79038.281,5432982357.957343,19988871.0,2026-02-14 06:00:00+00:00
BTCUSDT,79099.839,5449615047.8406,19988871.0,2026-02-14 07:00:00+00:00
BTCUSDT,79487.577,5499144090.5179825,19988871.0,2026-02-14 08:00:00+00:00
BTCUSDT,79924.094,5571454046.862844,19988871.0,2026-02-14 09:00:00+00:00
BTCUSDT,79830.246,5562269317.971667,19988871.0,2026-02-14 10:00:00+00:00
BTCUSDT,79668.672,5547632372.3136,19988871.0,2026-02-14 11:00:00+00:00
BTCUSDT,78617.088,5539800276.1728,19988871.0,2026-02-14 12:00:00+00:00
BTCUSDT,80373.923,5594137564.2922,19988871.0,2026-02-14 13:00:00+00:00
BTCUSDT,80247.332,5571572260.76,19988871.0,2026-02-14 14:00:00+00:00
BTCUSDT,80479.665,5606704389.8565,19988871.0,2026-02-14 15:00:00+00:00
BTCUSDT,80375.315,5606507760.0415,19988871.0,2026-02-14 16:00:00+00:00
BTCUSDT,79497.734,5543384941.5934,19988871.0,2026-02-14 17:00:00+00:00
BTCUSDT,79198.858,5521023670.1522,19988871.0,2026-02-14 18:00:00+00:00
BTCUSDT,78880.914,5500500230.7738,19988871.0,2026-02-14 19:00:00+00:00
BTCUSDT,78909.646,5511341642.3302,19988871.0,2026-02-14 20:00:00+00:00
BTCUSDT,78571.379,5499056108.595105,19988871.0,2026-02-14 21:00:00+00:00
BTCUSDT,77848.063,5441453158.701862,19988871.0,2026-02-14 22:00:00+00:00
BTCUSDT,77822.448,5441913668.0304,19988871.0,2026-02-14 23:00:00+00:00
BTCUSDT,77778.239,5428547746.6528,19988871.0,2026-02-15 00:00:00+00:00
BTCUSDT,78004.245,5440702483.656,19988871.0,2026-02-15 01:00:00+00:00
BTCUSDT,78061.346,5439778705.840806,19988871.0,2026-02-15 02:00:00+00:00
BTCUSDT,78160.857,5429898910.980167,19989409.0,2026-02-15 03:00:00+00:00
BTCUSDT,77405.349,5412358353.340548,19989409.0,2026-02-15 04:00:00+00:00
BTCUSDT,78528.017,5509290088.669,19989409.0,2026-02-15 05:00:00+00:00
BTCUSDT,78706.262,5528013017.832,19989409.0,2026-02-15 06:00:00+00:00
BTCUSDT,78655.18,5534990178.278032,19989409.0,2026-02-15 07:00:00+00:00
BTCUSDT,79305.037,5613527739.008,19989409.0,2026-02-15 08:00:00+00:00
BTCUSDT,78431.016,5521943524.5816,19989409.0,2026-02-15 09:00:00+00:00
BTCUSDT,78455.812,5522121073.168604,19989409.0,2026-02-15 10:00:00+00:00
BTCUSDT,78381.746,5517173528.321,19989409.0,2026-02-15 11:00:00+00:00
BTCUSDT,78943.775,5547276442.3425,19989409.0,2026-02-15 12:00:00+00:00
BTCUSDT,77878.864,5396582054.364419,19989409.0,2026-02-15 13:00:00+00:00
BTCUSDT,77570.827,5344875727.490327,19989409.0,2026-02-15 14:00:00+00:00
BTCUSDT,77569.075,5362970707.35,19989409.0,2026-02-15 15:00:00+00:00
BTCUSDT,77090.067,5324464456.5627,19989409.0,2026-02-15 16:00:00+00:00
BTCUSDT,77173.762,5325662028.834745,19989409.0,2026-02-15 17:00:00+00:00
BTCUSDT,76573.077,5253610113.603107,19989409.0,2026-02-15 18:00:00+00:00
BTCUSDT,76792.241,5254125129.22,19989409.0,2026-02-15 19:00:00+00:00
BTCUSDT,77670.791,5302616495.008521,19989409.0,2026-02-15 20:00:00+00:00
BTCUSDT,77566.7,5307113614.0,19989409.0,2026-02-15 21:00:00+00:00
BTCUSDT,76998.394,5302348105.8614,19989409.0,2026-02-15 22:00:00+00:00
BTCUSDT,76852.427,5295462685.7361,19989409.0,2026-02-15 23:00:00+00:00
BTCUSDT,77130.018,5305413472.757684,19989409.0,2026-02-16 00:00:00+00:00
BTCUSDT,77181.936,5310912170.7408,19989409.0,2026-02-16 01:00:00+00:00
BTCUSDT,77117.725,5289734086.863885,19989409.0,2026-02-16 02:00:00+00:00
BTCUSDT,77382.983,5285087469.421277,19990034.0,2026-02-16 03:00:00+00:00
BTCUSDT,77504.693,5300889560.09366,19990034.0,2026-02-16 04:00:00+00:00
BTCUSDT,77473.985,5332921757.475,19990034.0,2026-02-16 05:00:00+00:00
BTCUSDT,77483.137,5296143653.367252,19990034.0,2026-02-16 06:00:00+00:00
BTCUSDT,77836.207,5325148534.6636,19990034.0,2026-02-16 07:00:00+00:00
BTCUSDT,77663.953,5324203608.807063,19990034.0,2026-02-16 08:00:00+00:00
BTCUSDT,77504.469,5326481948.36672,19990034.0,2026-02-16 09:00:00+00:00
BTCUSDT,77622.368,5352838497.28,19990034.0,2026-02-16 10:00:00+00:00
BTCUSDT,77687.097,5341942494.450868,19990034.0,2026-02-16 11:00:00+00:00
BTCUSDT,77401.042,5326055199.18156,19990034.0,2026-02-16 12:00:00+00:00
BTCUSDT,75964.627,5296990651.3219,19990034.0,2026-02-16 13:00:00+00:00
BTCUSDT,76553.394,5233442640.0402,19990034.0,2026-02-16 14:00:00+00:00
BTCUSDT,76372.18,5222833724.788,19990034.0,2026-02-16 15:00:00+00:00
BTCUSDT,76595.74,5170356063.6821165,19990034.0,2026-02-16 16:00:00+00:00
BTCUSDT,76696.233,5204266695.434909,19990034.0,2026-02-16 17:00:00+00:00
BTCUSDT,76484.46,5194719943.448615,19990034.0,2026-02-16 18:00:00+00:00
BTCUSDT,75739.526,5137855553.998,19990034.0,2026-02-16 19:00:00+00:00
BTCUSDT,75701.181,5139119974.018955,19990034.0,2026-02-16 20:00:00+00:00
BTCUSDT,75642.778,5181787478.4452,19990034.0,2026-02-16 21:00:00+00:00
BTCUSDT,75634.803,5206329227.9853,19990034.0,2026-02-16 22:00:00+00:00
BTCUSDT,75712.869,5190957582.7959,19990034.0,2026-02-16 23:00:00+00:00
BTCUSDT,75734.731,5215287408.1794405,19990034.0,2026-02-17 00:00:00+00:00
BTCUSDT,75668.493,5209775743.05,19990034.0,2026-02-17 01:00:00+00:00
BTCUSDT,75751.443,5196182731.573095,19990034.0,2026-02-17 02:00:00+00:00
BTCUSDT,75788.817,5214756843.190068,19990578.0,2026-02-17 03:00:00+00:00
BTCUSDT,75925.459,5196611745.6124,19990578.0,2026-02-17 04:00:00+00:00
BTCUSDT,76239.954,5218904298.3546715,19990578.0,2026-02-17 05:00:00+00:00
BTCUSDT,76651.95,5228222549.235,19990578.0,2026-02-17 06:00:00+00:00
BTCUSDT,76487.654,5229951039.416164,19990578.0,2026-02-17 07:00:00+00:00
BTCUSDT,76612.811,5236746115.4074,19990578.0,2026-02-17 08:00:00+00:00
BTCUSDT,76720.538,5227993295.489661,19990578.0,2026-02-17 09:00:00+00:00
BTCUSDT,76815.085,5230718557.412559,19990578.0,2026-02-17 10:00:00+00:00
BTCUSDT,77104.202,5229396996.240848,19990578.0,2026-02-17 11:00:00+00:00
BTCUSDT,77419.458,5251035516.606856,19990578.0,2026-02-17 12:00:00+00:00
BTCUSDT,77739.973,5278015534.8836,19990578.0,2026-02-17 13:00:00+00:00
BTCUSDT,77873.84,5303744610.650878,19990578.0,2026-02-17 14:00:00+00:00
BTCUSDT,78848.956,5270658463.82,19990578.0,2026-02-17 15:00:00+00:00
BTCUSDT,79601.32,5361817553.088,19990578.0,2026-02-17 16:00:00+00:00
BTCUSDT,78567.066,5302616991.6456,19990578.0,2026-02-17 17:00:00+00:00
BTCUSDT,78639.686,5285143304.61067,19990578.0,2026-02-17 18:00:00+00:00
BTCUSDT,78992.861,5376634595.644226,19990578.0,2026-02-17 19:00:00+00:00
BTCUSDT,79042.882,5355937780.0318,19990578.0,2026-02-17 20:00:00+00:00
BTCUSDT,78950.326,5350905714.8456,19990578.0,2026-02-17 21:00:00+00:00
BTCUSDT,78893.437,5337331074.771495,19990578.0,2026-02-17 22:00:00+00:00
BTCUSDT,78927.734,5328683711.6731415,19990578.0,2026-02-17 23:00:00+00:00
BTCUSDT,79067.561,5335154839.2799,19990578.0,2026-02-18 00:00:00+00:00
BTCUSDT,79275.574,5335636508.977348,19990578.0,2026-02-18 01:00:00+00:00
BTCUSDT,79197.285,5317083962.502,19990578.0,2026-02-18 02:00:00+00:00
BTCUSDT,79481.0,5349102483.045402,19991081.0,2026-02-18 03:00:00+00:00
BTCUSDT,79400.351,5367435950.710807,19991081.0,2026-02-18 04:00:00+00:00
BTCUSDT,79475.041,5387589186.8777,19991081.0,2026-02-18 05:00:00+00:00
BTCUSDT,79722.601,5390725914.085623,19991081.0,2026-02-18 06:00:00+00:00
BTCUSDT,79766.419,5409240054.8565,19991081.0,2026-02-18 07:00:00+00:00
BTCUSDT,79663.293,5423349526.1712,19991081.0,2026-02-18 08:00:00+00:00
BTCUSDT,79876.795,5439641580.24283,19991081.0,2026-02-18 09:00:00+00:00
BTCUSDT,79955.909,5447456162.40057,19991081.0,2026-02-18 10:00:00+00:00
BTCUSDT,80019.423,5423207454.339073,19991081.0,2026-02-18 11:00:00+00:00
BTCUSDT,79169.824,5331715548.2272,19991081.0,2026-02-18 12:00:00+00:00
BTCUSDT,79398.079,5353796587.3542,19991081.0,2026-02-18 13:00:00+00:00
BTCUSDT,79349.695,5332661719.832908,19991081.0,2026-02-18 14:00:00+00:00
BTCUSDT,79710.082,5356350119.2278,19991081.0,2026-02-18 15:00:00+00:00
BTCUSDT,80491.483,5447062695.269752,19991081.0,2026-02-18 16:00:00+00:00
BTCUSDT,80046.886,5372040430.118451,19991081.0,2026-02-18 17:00:00+00:00
BTCUSDT,80217.75,5386596613.100321,19991081.0,2026-02-18 18:00:00+00:00
BTCUSDT,81003.36,5373209338.93859,19991081.0,2026-02-18 19:00:00+00:00
BTCUSDT,81276.572,5375808229.7223,19991081.0,2026-02-18 20:00:00+00:00
BTCUSDT,80703.712,5343985046.120479,19991081.0,2026-02-18 21:00:00+00:00
BTCUSDT,80205.551,5317933578.41456,19991081.0,2026-02-18 22:00:00+00:00
BTCUSDT,80164.37,5320421056.093,19991081.0,2026-02-18 23:00:00+00:00
BTCUSDT,80180.36,5327423387.564344,19991081.0,2026-02-19 00:00:00+00:00
BTCUSDT,80251.831,5329580272.9917,19991081.0,2026-02-19 01:00:00+00:00
BTCUSDT,79768.391,5331033324.889947,19991081.0,2026-02-19 02:00:00+00:00
BTCUSDT,79573.71,5315829288.984364,19991562.0,2026-02-19 03:00:00+00:00
BTCUSDT,79653.553,5332909981.553468,19991562.0,2026-02-19 04:00:00+00:00
BTCUSDT,79547.152,5312985408.07397,19991562.0,2026-02-19 05:00:00+00:00
BTCUSDT,79556.924,5317880162.734612,19991562.0,2026-02-19 06:00:00+00:00
BTCUSDT,79511.354,5337104223.6252,19991562.0,2026-02-19 07:00:00+00:00
BTCUSDT,79370.209,5332361094.0317335,19991562.0,2026-02-19 08:00:00+00:00
BTCUSDT,79798.37,5341588862.868536,19991562.0,2026-02-19 09:00:00+00:00
BTCUSDT,80115.254,5352644327.1972,19991562.0,2026-02-19 10:00:00+00:00
BTCUSDT,80184.494,5357212998.63328,19991562.0,2026-02-19 11:00:00+00:00
BTCUSDT,80187.404,5329968537.7356,19991562.0,2026-02-19 12:00:00+00:00
BTCUSDT,80075.544,5324182882.788,19991562.0,2026-02-19 13:00:00+00:00
BTCUSDT,79419.353,5232765938.424699,19991562.0,2026-02-19 14:00:00+00:00
BTCUSDT,79636.609,5286700179.4477,19991562.0,2026-02-19 15:00:00+00:00
BTCUSDT,79292.066,5262939517.8906,19991562.0,2026-02-19 16:00:00+00:00
BTCUSDT,79497.12,5268538383.913811,19991562.0,2026-02-19 17:00:00+00:00
BTCUSDT,80072.568,5312038215.383848,19991562.0,2026-02-19 18:00:00+00:00
BTCUSDT,80850.067,5417512983.100677,19991562.0,2026-02-19 19:00:00+00:00
BTCUSDT,80682.133,5407824851.0979,19991562.0,2026-02-19 20:00:00+00:00
BTCUSDT,80914.183,5428273612.0844,19991562.0,2026-02-19 21:00:00+00:00
BTCUSDT,80833.941,5407071230.8251,19991562.0,2026-02-19 22:00:00+00:00
BTCUSDT,80680.721,5399073168.599,19991562.0,2026-02-19 23:00:00+00:00
BTCUSDT,80783.175,5410372362.45,19991562.0,2026-02-20 00:00:00+00:00
BTCUSDT,80509.242,5411992265.724,19991562.0,2026-02-20 01:00:00+00:00
BTCUSDT,80468.82,5410884394.44,19991562.0,2026-02-20 02:00:00+00:00
BTCUSDT,80638.485,5419438406.001,19992075.0,2026-02-20 03:00:00+00:00
BTCUSDT,80485.615,5419496040.188065,19992075.0,2026-02-20 04:00:00+00:00
BTCUSDT,80607.83,5419350064.897039,19992075.0,2026-02-20 05:00:00+00:00
BTCUSDT,80823.045,5476365404.157448,19992075.0,2026-02-20 06:00:00+00:00
BTCUSDT,81504.987,5526804265.4778,19992075.0,2026-02-20 07:00:00+00:00
BTCUSDT,81714.711,5539832489.3028,19992075.0,2026-02-20 08:00:00+00:00
BTCUSDT,81734.353,5545192427.769952,19992075.0,2026-02-20 09:00:00+00:00
BTCUSDT,81844.018,5579642267.5338,19992075.0,2026-02-20 10:00:00+00:00
BTCUSDT,81416.986,5528880968.6852,19992075.0,2026-02-20 11:00:00+00:00
BTCUSDT,81224.019,5463858534.111,19992075.0,2026-02-20 12:00:00+00:00
BTCUSDT,81262.772,5485804105.092568,19992075.0,2026-02-20 13:00:00+00:00
BTCUSDT,79877.73,5334610234.731,19992075.0,2026-02-20 14:00:00+00:00
BTCUSDT,80500.061,5396440073.5579195,19992075.0,2026-02-20 15:00:00+00:00
BTCUSDT,81286.823,5490567231.6288,19992075.0,2026-02-20 16:00:00+00:00
BTCUSDT,81132.929,5498314863.366179,19992075.0,2026-02-20 17:00:00+00:00
BTCUSDT,79934.732,5402141064.5508,19992075.0,2026-02-20 18:00:00+00:00
BTCUSDT,80206.188,5446132775.670565,19992075.0,2026-02-20 19:00:00+00:00
BTCUSDT,80127.436,5417944789.0376,19992075.0,2026-02-20 20:00:00+00:00
BTCUSDT,79892.545,5410235265.6005,19992075.0,2026-02-20 21:00:00+00:00
BTCUSDT,79793.284,5409370246.9132,19992075.0,2026-02-20 22:00:00+00:00
BTCUSDT,79897.901,5437255216.617471,19992075.0,2026-02-20 23:00:00+00:00
BTCUSDT,80199.657,5452680747.034957,19992075.0,2026-02-21 00:00:00+00:00
BTCUSDT,80487.287,5457592415.955473,19992075.0,2026-02-21 01:00:00+00:00
BTCUSDT,80465.585,5464908717.4185,19992075.0,2026-02-21 02:00:00+00:00
BTCUSDT,80642.194,5481396034.641732,19992496.0,2026-02-21 03:00:00+00:00
BTCUSDT,79323.14,5365171287.866,19992496.0,2026-02-21 04:00:00+00:00
BTCUSDT,79048.909,5358196837.375758,19992496.0,2026-02-21 05:00:00+00:00
BTCUSDT,79048.343,5361627770.3296,19992496.0,2026-02-21 06:00:00+00:00
BTCUSDT,79094.113,5359395989.957092,19992496.0,2026-02-21 07:00:00+00:00
BTCUSDT,79052.246,5361402375.966,19992496.0,2026-02-21 08:00:00+00:00
BTCUSDT,79574.79,5412430533.951,19992496.0,2026-02-21 09:00:00+00:00
BTCUSDT,80748.269,5500224866.7233,19992496.0,2026-02-21 10:00:00+00:00
BTCUSDT,80920.338,5517367129.7526,19992496.0,2026-02-21 11:00:00+00:00
BTCUSDT,81053.812,5516609196.614984,19992496.0,2026-02-21 12:00:00+00:00
BTCUSDT,80747.315,5505177686.335094,19992496.0,2026-02-21 13:00:00+00:00
BTCUSDT,80793.515,5512314957.673736,19992496.0,2026-02-21 14:00:00+00:00
BTCUSDT,81262.095,5559760344.44631,19992496.0,2026-02-21 15:00:00+00:00
BTCUSDT,81591.316,5596341616.010831,19992496.0,2026-02-21 16:00:00+00:00
BTCUSDT,81525.582,5567147108.353816,19992496.0,2026-02-21 17:00:00+00:00
BTCUSDT,81772.557,5593635407.0736,19992496.0,2026-02-21 18:00:00+00:00
BTCUSDT,81810.869,5607914180.6037,19992496.0,2026-02-21 19:00:00+00:00
BTCUSDT,81865.708,5608857065.6332,19992496.0,2026-02-21 20:00:00+00:00
BTCUSDT,81540.069,5559690815.065101,19992496.0,2026-02-21 21:00:00+00:00
BTCUSDT,81459.73,5567881066.978308,19992496.0,2026-02-21 22:00:00+00:00
BTCUSDT,80954.436,5501603513.241255,19992496.0,2026-02-21 23:00:00+00:00
BTCUSDT,80844.246,5494674778.297016,19992496.0,2026-02-22 00:00:00+00:00
BTCUSDT,80532.645,5469132987.24,19992496.0,2026-02-22 01:00:00+00:00
BTCUSDT,80761.17,5500748795.765228,19992496.0,2026-02-22 02:00:00+00:00
BTCUSDT,80593.155,5470116936.88921,19992875.0,2026-02-22 03:00:00+00:00
BTCUSDT,80432.255,5470105421.324622,19992875.0,2026-02-22 04:00:00+00:00
BTCUSDT,80578.568,5475329811.3136,19992875.0,2026-02-22 05:00:00+00:00
BTCUSDT,80622.062,5478057380.670545,19992875.0,2026-02-22 06:00:00+00:00
BTCUSDT,80038.993,5443155769.6559,19992875.0,2026-02-22 07:00:00+00:00
BTCUSDT,80071.689,5442831559.430518,19992875.0,2026-02-22 08:00:00+00:00
BTCUSDT,79828.145,5423061168.059,19992875.0,2026-02-22 09:00:00+00:00
BTCUSDT,79602.725,5414801100.455137,19992875.0,2026-02-22 10:00:00+00:00
BTCUSDT,79692.862,5426812946.4692,19992875.0,2026-02-22 11:00:00+00:00
BTCUSDT,79955.518,5451658733.320395,19992875.0,2026-02-22 12:00:00+00:00
BTCUSDT,79731.704,5414675046.698395,19992875.0,2026-02-22 13:00:00+00:00
BTCUSDT,79292.112,5362113215.5776,19992875.0,2026-02-22 14:00:00+00:00
BTCUSDT,79781.914,5379159523.865048,19992875.0,2026-02-22 15:00:00+00:00
BTCUSDT,79709.695,5393149992.7305,19992875.0,2026-02-22 16:00:00+00:00
BTCUSDT,79552.407,5377877952.2919,19992875.0,2026-02-22 17:00:00+00:00
BTCUSDT,79290.913,5341432354.245,19992875.0,2026-02-22 18:00:00+00:00
BTCUSDT,79369.228,5350115594.083655,19992875.0,2026-02-22 19:00:00+00:00
BTCUSDT,79411.215,5352490595.673,19992875.0,2026-02-22 20:00:00+00:00
BTCUSDT,79292.781,5341867433.9109,19992875.0,2026-02-22 21:00:00+00:00
BTCUSDT,79065.68,5342962652.2605,19992875.0,2026-02-22 22:00:00+00:00
BTCUSDT,78935.133,5338477766.9496,19992875.0,2026-02-22 23:00:00+00:00
BTCUSDT,78625.705,5316159105.0175,19992875.0,2026-02-23 00:00:00+00:00
BTCUSDT,78220.007,5217720320.9399,19992875.0,2026-02-23 01:00:00+00:00
BTCUSDT,79310.286,5106678281.1396,19992875.0,2026-02-23 02:00:00+00:00
BTCUSDT,80502.756,5212068355.392577,19993378.0,2026-02-23 03:00:00+00:00
BTCUSDT,80806.841,5243893345.462308,19993378.0,2026-02-23 04:00:00+00:00
BTCUSDT,81138.383,5255917263.2676,19993378.0,2026-02-23 05:00:00+00:00
BTCUSDT,80948.041,5264450104.989584,19993378.0,2026-02-23 06:00:00+00:00
BTCUSDT,80037.834,5260254529.9314,19993378.0,2026-02-23 07:00:00+00:00
BTCUSDT,79487.875,5239506870.925,19993378.0,2026-02-23 08:00:00+00:00
BTCUSDT,79328.804,5207447954.097534,19993378.0,2026-02-23 09:00:00+00:00
BTCUSDT,78426.989,5205583552.1761,19993378.0,2026-02-23 10:00:00+00:00
BTCUSDT,78324.679,5192166468.3137,19993378.0,2026-02-23 11:00:00+00:00
BTCUSDT,78461.729,5192102161.844023,19993378.0,2026-02-23 12:00:00+00:00
BTCUSDT,78093.964,5173717305.6036,19993378.0,2026-02-23 13:00:00+00:00
BTCUSDT,77494.954,5122436290.323855,19993378.0,2026-02-23 14:00:00+00:00
BTCUSDT,78820.307,5193990242.2562,19993378.0,2026-02-23 15:00:00+00:00
BTCUSDT,79414.374,5213068449.114505,19993378.0,2026-02-23 16:00:00+00:00
BTCUSDT,79122.292,5169534070.112,19993378.0,2026-02-23 17:00:00+00:00
BTCUSDT,78701.84,5097840854.344,19993378.0,2026-02-23 18:00:00+00:00
BTCUSDT,78506.132,5071915760.130784,19993378.0,2026-02-23 19:00:00+00:00
BTCUSDT,79168.661,5088344013.5242,19993378.0,2026-02-23 20:00:00+00:00
BTCUSDT,79384.267,5116133424.3359,19993378.0,2026-02-23 21:00:00+00:00
BTCUSDT,79399.591,5125600897.2095,19993378.0,2026-02-23 22:00:00+00:00
BTCUSDT,79188.233,5122793070.838218,19993378.0,2026-02-23 23:00:00+00:00
BTCUSDT,79623.121,5146082716.079162,19993378.0,2026-02-24 00:00:00+00:00
BTCUSDT,79921.429,5187834687.503432,19993378.0,2026-02-24 01:00:00+00:00
BTCUSDT,79713.274,5112241271.163476,19993378.0,2026-02-24 02:00:00+00:00
BTCUSDT,80187.172,5139363513.2351265,19993840.0,2026-02-24 03:00:00+00:00
BTCUSDT,80823.25,5137974414.125,19993840.0,2026-02-24 04:00:00+00:00
BTCUSDT,80955.642,5128277611.513971,19993840.0,2026-02-24 05:00:00+00:00
BTCUSDT,81865.575,5163065337.87,19993840.0,2026-02-24 06:00:00+00:00
BTCUSDT,81835.981,5159791336.4424,19993840.0,2026-02-24 07:00:00+00:00
BTCUSDT,81501.276,5148264452.2404,19993840.0,2026-02-24 08:00:00+00:00
BTCUSDT,81637.614,5173510443.813396,19993840.0,2026-02-24 09:00:00+00:00
BTCUSDT,81787.791,5170084347.5994,19993840.0,2026-02-24 10:00:00+00:00
BTCUSDT,81715.095,5168514544.510481,19993840.0,2026-02-24 11:00:00+00:00
BTCUSDT,81801.731,5169861219.0269,19993840.0,2026-02-24 12:00:00+00:00
BTCUSDT,82404.102,5186285730.629567,19993840.0,2026-02-24 13:00:00+00:00
BTCUSDT,82846.245,5209115062.2405,19993840.0,2026-02-24 14:00:00+00:00
BTCUSDT,82493.181,5231874276.0639,19993840.0,2026-02-24 15:00:00+00:00
BTCUSDT,82820.515,5295281564.360804,19993840.0,2026-02-24 16:00:00+00:00
BTCUSDT,81973.582,5266064820.078558,19993840.0,2026-02-24 17:00:00+00:00
BTCUSDT,81250.723,5215655965.4297695,19993840.0,2026-02-24 18:00:00+00:00
BTCUSDT,80292.94,5170682587.522991,19993840.0,2026-02-24 19:00:00+00:00
BTCUSDT,79583.686,5125619130.3044,19993840.0,2026-02-24 20:00:00+00:00
BTCUSDT,79431.059,5118142294.313611,19993840.0,2026-02-24 21:00:00+00:00
BTCUSDT,79585.602,5094706307.76959,19993840.0,2026-02-24 22:00:00+00:00
BTCUSDT,79695.671,5107638359.46318,19993840.0,2026-02-24 23:00:00+00:00
BTCUSDT,79798.787,5109292895.0064,19993840.0,2026-02-25 00:00:00+00:00
BTCUSDT,79790.734,5121796580.184763,19993840.0,2026-02-25 01:00:00+00:00
BTCUSDT,77487.03,5104001500.502885,19993840.0,2026-02-25 02:00:00+00:00
BTCUSDT,77472.26,5102243005.579605,19994356.0,2026-02-25 03:00:00+00:00
BTCUSDT,78305.195,5118152833.512,19994356.0,2026-02-25 04:00:00+00:00
BTCUSDT,78582.053,5140995951.143162,19994356.0,2026-02-25 05:00:00+00:00
BTCUSDT,78780.727,5108764706.4233,19994356.0,2026-02-25 06:00:00+00:00
BTCUSDT,78766.763,5109017041.7638,19994356.0,2026-02-25 07:00:00+00:00
BTCUSDT,78944.825,5131701539.065386,19994356.0,2026-02-25 08:00:00+00:00
BTCUSDT,78898.452,5166909714.4212,19994356.0,2026-02-25 09:00:00+00:00
BTCUSDT,78813.749,5164226411.150279,19994356.0,2026-02-25 10:00:00+00:00
BTCUSDT,78832.282,5152985694.056211,19994356.0,2026-02-25 11:00:00+00:00
BTCUSDT,78906.471,5159997926.887923,19994356.0,2026-02-25 12:00:00+00:00
BTCUSDT,79366.333,5241241518.4538,19994356.0,2026-02-25 13:00:00+00:00
BTCUSDT,78972.409,5228925734.263783,19994356.0,2026-02-25 14:00:00+00:00
BTCUSDT,78927.653,5283743897.861251,19994356.0,2026-02-25 15:00:00+00:00
BTCUSDT,79325.827,5344545015.35292,19994356.0,2026-02-25 16:00:00+00:00
BTCUSDT,79911.763,5453402460.0564,19994356.0,2026-02-25 17:00:00+00:00
BTCUSDT,80766.495,5543747191.5777645,19994356.0,2026-02-25 18:00:00+00:00
BTCUSDT,80146.313,5553478035.247968,19994356.0,2026-02-25 19:00:00+00:00
BTCUSDT,79711.505,5500055914.45332,19994356.0,2026-02-25 20:00:00+00:00
BTCUSDT,80106.687,5537926371.516849,19994356.0,2026-02-25 21:00:00+00:00
BTCUSDT,80266.308,5529287705.927048,19994356.0,2026-02-25 22:00:00+00:00
BTCUSDT,79838.736,5463452527.0896,19994356.0,2026-02-25 23:00:00+00:00
BTCUSDT,80112.54,5443964929.053371,19994356.0,2026-02-26 00:00:00+00:00
BTCUSDT,79860.354,5455388558.3064,19994356.0,2026-02-26 01:00:00+00:00
BTCUSDT,80086.938,5462417701.9218,19994356.0,2026-02-26 02:00:00+00:00
BTCUSDT,80004.362,5458195358.832543,19994846.0,2026-02-26 03:00:00+00:00
BTCUSDT,80000.982,5455066960.125,19994846.0,2026-02-26 04:00:00+00:00
BTCUSDT,79871.587,5474160988.577905,19994846.0,2026-02-26 05:00:00+00:00
BTCUSDT,79591.897,5444961265.667,19994846.0,2026-02-26 06:00:00+00:00
BTCUSDT,79602.848,5424637837.664328,19994846.0,2026-02-26 07:00:00+00:00
BTCUSDT,79744.685,5406689643.0,19994846.0,2026-02-26 08:00:00+00:00
BTCUSDT,79771.368,5418342537.2112,19994846.0,2026-02-26 09:00:00+00:00
BTCUSDT,79806.097,5471195898.284731,19994846.0,2026-02-26 10:00:00+00:00
BTCUSDT,79405.262,5421156047.264,19994846.0,2026-02-26 11:00:00+00:00
BTCUSDT,79510.021,5408033098.357,19994846.0,2026-02-26 12:00:00+00:00
BTCUSDT,79482.249,5415952239.7596,19994846.0,2026-02-26 13:00:00+00:00
BTCUSDT,79697.473,5409972892.1867695,19994846.0,2026-02-26 14:00:00+00:00
BTCUSDT,79133.438,5355695690.4334,19994846.0,2026-02-26 15:00:00+00:00
BTCUSDT,79579.503,5358740488.9146,19994846.0,2026-02-26 16:00:00+00:00
BTCUSDT,79891.446,5321401446.0234,19994846.0,2026-02-26 17:00:00+00:00
BTCUSDT,79852.153,5335027985.171361,19994846.0,2026-02-26 18:00:00+00:00
BTCUSDT,79942.309,5377784985.34879,19994846.0,2026-02-26 19:00:00+00:00
BTCUSDT,79254.65,5355246306.393417,19994846.0,2026-02-26 20:00:00+00:00
BTCUSDT,79267.918,5340842437.8778,19994846.0,2026-02-26 21:00:00+00:00
BTCUSDT,79207.803,5341148492.6763,19994846.0,2026-02-26 22:00:00+00:00
BTCUSDT,79005.362,5335846076.298113,19994846.0,2026-02-26 23:00:00+00:00
BTCUSDT,79068.239,5333010397.7198,19994846.0,2026-02-27 00:00:00+00:00
BTCUSDT,79417.155,5336062469.5965,19994846.0,2026-02-27 01:00:00+00:00
BTCUSDT,79704.774,5365398596.1066,19994846.0,2026-02-27 02:00:00+00:00
